Datum;Typ;Beschreibung;ISIN;Stück;Zahlungseingang (EUR);Zahlungsausgang (EUR);Betrag (EUR);Saldo (EUR)
02.03.2026;Überweisung;Incoming transfer from Max Mustermann (DE00123456780000000000);;;2000,00;;2000,00;2000,00
05.03.2026;Handel;Buy trade US0378331005 APPLE INC., quantity: 2;US0378331005;2;;421,00;-421,00;1579,00
01.04.2026;Zinsen;Interest payment;;;3,10;;3,10;1582,10
02.04.2026;Sparplan;Savings plan execution IE00BJ0KDQ92 Xtrackers MSCI World UCITS ETF 1C, quantity: 0.373134;IE00BJ0KDQ92;0,373134;;50,00;-50,00;1532,10
15.05.2026;Erträge;Cash Dividend for ISIN US0378331005, quantity: 2;US0378331005;2;0,38;;0,38;1532,48
20.05.2026;Kartentransaktion;Supermarkt Berlin;;;;23,90;-23,90;1508,58
01.06.2026;Handel;Sell trade US0378331005 APPLE INC., quantity: 1;US0378331005;1;229,00;;229,00;1737,58
15.06.2026;Steuern;Tax Recalculation US0378331005 Apple (Invoice No.: abcd-1234);US0378331005;;;0,52;-0,52;1737,06
07.07.2026;Steuern;Tax Optimisation;;;2,10;;2,10;1739,16
01.08.2026;Manuelle Korrigierung;Goodwill;;;1,00;;1,00;1740,16
15.08.2026;Überweisung;Outgoing transfer for Max Mustermann (DE00123456780000000000);;;;200,00;-200,00;1540,16
